insert into `category`(`id`, `nom`) VALUES
(1, 'Electronics'),
(2, 'Books'),
(3, 'Clothing'),
(4, 'Furniture'),
(5, 'Toys'),
(6, 'Sports Equipment'),
(7, 'Grocery'),
(8, 'Pet Supplies'),
(9, 'Beauty Products'),
(10, 'Automotive'),
(11, 'Home Improvement'),
(12, 'Office Supplies'),
(13, 'Health Care'),
(14, 'Kitchen Appliances'),
(15, 'Jewelry'),
(16, 'Beverages'),
(17, 'Mobile Devices'),
(18, 'Laptops'),
(19, 'Gaming Consoles'),
(20, 'Outdoor Supplies'),
(21, 'Camera Equipment'),
(22, 'Software'),
(23, 'Stationery'),
(24, 'Travel Accessories'),
(25, 'Musical Instruments'),
(26, 'Baby Products'),
(27, 'Gardening Tools'),
(28, 'Arts & Crafts'),
(29, 'Watches'),
(30, 'Hobbies'),
(31, 'Collectibles'),
(32, 'Food & Snacks'),
(33, 'Home Decor'),
(34, 'Seasonal Items'),
(35, 'Electronics Accessories'),
(36, 'Smart Home Devices'),
(37, 'Fitness Equipment'),
(38, 'Novelty Items'),
(39, 'Subscription Services'),
(40, 'Vintage Items'),
(41, 'Seafood'),
(42, 'Books on Tape'),
(43, 'Graphic Novels'),
(44, 'Documentaries'),
(45, 'Anime'),
(46, 'Coffee & Tea'),
(47, 'Condiments'),
(48, 'Soups'),
(49, 'Fresh Produce'),
(50, 'Organic Products');

insert into `tax`(`tax_code`, `name`, `tax_type`, `valid_from`, `valid_to`, `value`) VALUES
(1, 'Standard Rate', 'VAT', '2023-01-01', '2024-01-01', 20.00),
(2, 'Reduced Rate', 'VAT', '2023-01-01', '2024-01-01', 5.00),
(3, 'Zero Rate', 'VAT', '2023-01-01', '2024-01-01', 0.00),
(4, 'Luxury Tax', 'Excise', '2023-01-01', '2024-01-01', 10.00),
(5, 'Import Duty', 'Customs', '2023-01-01', '2024-01-01', 15.00),
(6, 'Local Tax', 'Sales', '2023-01-01', NULL, 8.00),
(7, 'Environmental Tax', 'Excise', '2023-01-01', '2025-01-01', 5.00),
(8, 'Tourism Tax', 'Local', '2023-01-01', NULL, 2.50),
(9, 'Food and Drink Tax', 'Excise', '2023-01-01', '2024-01-01', 12.00),
(10, 'Digital Services Tax', 'Income', '2023-01-01', NULL, 6.00),
(11, 'Hospitality Tax', 'Excise', '2023-01-01', NULL, 3.00),
(12, 'Green Tax', 'Environmental', '2023-01-01', '2023-12-31', 4.00),
(13, 'Cultural Tax', 'Local', '2023-03-01', '2024-03-01', 1.50),
(14, 'Tobacco Tax', 'Excise', '2023-01-01', NULL, 20.00),
(15, 'Fuel Tax', 'Excise', '2023-01-01', NULL, 15.00),
(16, 'Insurance Tax', 'Income', '2023-01-01', NULL, 7.00),
(17, 'Sales Tax', 'State', '2023-01-01', NULL, 5.00),
(18, 'Luxury Goods Tax', 'Sales', '2023-01-01', NULL, 25.00),
(19, 'Capital Gains Tax', 'Income', '2023-01-01', NULL, 15.00),
(20, 'Transfer Tax', 'Real Estate', '2023-01-01', NULL, 2.00),
(21, 'Severance Tax', 'Oil & Gas', '2023-01-01', NULL, 10.00),
(22, 'Entertainment Tax', 'Local', '2023-01-01', NULL, 6.00),
(23, 'Car Registration Fee', 'Vehicle', '2023-01-01', NULL, 100.00),
(24, 'Pedestrian Tax', 'Local', '2023-01-01', NULL, 0.50),
(25, 'Internet Tax', 'Sales', '2023-01-01', NULL, 7.00),
(26, 'Telecommunication Tax', 'Excise', '2023-01-01', NULL, 10.00),
(27, 'Licensing Tax', 'Local', '2023-01-01', NULL, 15.00),
(28, 'Advertising Tax', 'Income', '2023-01-01', NULL, 8.00),
(29, 'Music License Fee', 'Local', '2023-01-01', NULL, 1.00),
(30, 'Proceeds Tax', 'Income', '2023-01-01', NULL, 12.00),
(31, 'Foreign Transaction Tax', 'Sales', '2023-01-01', NULL, 3.00),
(32, 'E-commerce Tax', 'Sales', '2023-01-01', NULL, 5.00),
(33, 'Live Event Tax', 'Excise', '2023-01-01', NULL, 10.00),
(34, 'Parking Tax', 'Local', '2023-01-01', NULL, 2.00),
(35, 'Waste Management Tax', 'Environmental', '2023-01-01', NULL, 5.00),
(36, 'Public Transport Tax', 'Local', '2023-01-01', NULL, 3.00),
(37, 'Utility Tax', 'Local', '2023-01-01', NULL, 8.00),
(38, 'Cigarette Tax', 'Excise', '2023-01-01', NULL, 15.00),
(39, 'Beer Tax', 'Excise', '2023-01-01', NULL, 10.00),
(40, 'Wine Tax', 'Excise', '2023-01-01', NULL, 10.00),
(41, 'Environmental Fund Tax', 'Environmental', '2023-01-01', NULL, 4.00),
(42, 'Region Tax', 'Local', '2023-01-01', NULL, 3.00),
(43, 'State Tax', 'State', '2023-01-01', NULL, 6.00),
(44, 'Local Business Tax', 'Local', '2023-01-01', NULL, 10.00),
(45, 'Freight Tax', 'Transportation', '2023-01-01', NULL, 5.00),
(46, 'Healthcare Tax', 'Local', '2023-01-01', NULL, 4.00),
(47, 'Energy Tax', 'Environmental', '2023-01-01', NULL, 6.00),
(48, 'Communications Tax', 'Local', '2023-01-01', NULL, 1.50),
(49, 'Pressure Gas Tax', 'Excise', '2023-01-01', NULL, 2.00),
(50, 'Recycle Tax', 'Environmental', '2023-01-01', NULL, 3.00);


insert into `produit`(`id`, `nom`, `prix`, `quantite`, `category_id`) VALUES
(1, 'Smartphone', 699.99, 50, 1),
(2, 'Laptop', 999.99, 30, 1),
(3, 'Novel', 19.99, 100, 2),
(4, 'T-Shirt', 29.99, 200, 3),
(5, 'Sofa', 499.99, 20, 4),
(6, 'Teddy Bear', 15.99, 150, 5),
(7, 'Tennis Racket', 49.99, 75, 6),
(8, 'Coffee', 7.99, 300, 7),
(9, 'Dog Food', 25.99, 250, 8),
(10, 'Lipstick', 17.99, 125, 9),
(11, 'Car Oil', 29.99, 60, 10),
(12, 'Drill', 89.99, 40, 11),
(13, 'Notebook', 2.99, 500, 12),
(14, 'Vitamins', 29.99, 80, 13),
(15, 'Blender', 49.99, 30, 14),
(16, 'Diamond Ring', 1999.99, 10, 15),
(17, 'Red Wine', 14.99, 250, 16),
(18, 'Smartwatch', 199.99, 50, 1),
(19, 'Gaming Console', 399.99, 20, 19),
(20, 'Backpack', 49.99, 100, 3),
(21, 'Camera', 499.99, 15, 21),
(22, 'Office Chair', 149.99, 40, 12),
(23, 'Yoga Mat', 19.99, 80, 6),
(24, 'Savory Snacks', 4.99, 200, 7),
(25, 'Gaming Laptop', 1299.99, 10, 1),
(26, 'Wireless Earbuds', 159.99, 75, 1),
(27, 'Craft Supplies', 10.99, 150, 28),
(28, 'Camping Tent', 129.99, 25, 20),
(29, 'Baseball Bat', 24.99, 60, 6),
(30, 'Guitar', 299.99, 15, 25),
(31, 'Digital Camera', 499.99, 10, 21),
(32, 'Watch', 99.99, 30, 29),
(33, 'Kitchen Mixer', 79.99, 25, 14),
(34, 'Vase', 39.99, 50, 33),
(35, 'Indoor Plant', 24.99, 100, 28),
(36, 'Craft Beer', 8.99, 75, 16),
(37, 'Fish Tank', 79.99, 20, 8),
(38, 'Tennis Shoes', 59.99, 40, 3),
(39, 'Coffee Maker', 89.99, 30, 14),
(40, 'Face Cream', 29.99, 100, 9),
(41, 'Milk', 3.99, 200, 7),
(42, 'Greek Yogurt', 4.99, 150, 7),
(43, 'Cheese', 5.99, 150, 7),
(44, 'Salad Dressing', 3.49, 250, 16),
(45, 'Fish', 9.99, 100, 41),
(46, 'Organic Apples', 2.99, 200, 50),
(47, 'Chips', 1.99, 500, 7),
(48, 'Pasta', 4.99, 200, 7),
(49, 'Cereal', 3.99, 300, 7),
(50, 'Cookies', 2.49, 400, 7);
